stimulation_uid,headstage_type,electrode_location,experiment_start_time,experiment_name,animal_id,block_name,sampling_frequency,stimulation_time,pulse_frequency_train,pulse_frequency_pulse,stimulation_duration,stimulation_amplitude_a,stimulation_amplitude_b,stimulation_pulse_width_train_a,stimulation_pulse_width_train_b,stimulation_pulse_width_pulse_a,stimulation_pulse_width_pulse_b,stimulation_train_TorF,stimulation_type,stimulation_channel_order
1591562895.965000,ZC16-OB1-16CH,R_HPC,1591562894.332000,gamma_max,EPI45,,彞,2.019000,,37.450803,4.000000,14.791887,14.791887,0.000000,0.000000,0.002413,0.002413,1.000000,standard,10
1591562904.686000,ZC16-OB1-16CH,R_HPC,1591562894.332000,gamma_max,EPI45,,彞,10.788000,,14.110440,4.000000,11.497109,11.497109,0.000000,0.000000,0.002371,0.002371,1.000000,standard,10
1591562913.207000,ZC16-OB1-16CH,R_HPC,1591562894.332000,gamma_max,EPI45,,彞,19.199000,,20.887701,4.000000,6.736302,6.736302,0.000000,0.000000,0.002029,0.002029,1.000000,standard,10
1591562921.579000,ZC16-OB1-16CH,R_HPC,1591562894.332000,gamma_max,EPI45,,彞,27.654000,,36.315797,4.000000,24.421505,24.421505,0.000000,0.000000,0.003024,0.003024,1.000000,standard,10
1591562932.289000,ZC16-OB1-16CH,R_HPC,1591562894.332000,gamma_max,EPI45,,彞,38.360000,,12.217647,4.000000,8.964436,8.964436,0.000000,0.000000,0.002307,0.002307,1.000000,standard,10
1591562940.881000,ZC16-OB1-16CH,R_HPC,1591562894.332000,gamma_max,EPI45,,彞,46.948000,,30.634281,4.000000,19.807309,19.807309,0.000000,0.000000,0.004296,0.004296,1.000000,standard,10
1591562953.233000,ZC16-OB1-16CH,R_HPC,1591562894.332000,gamma_max,EPI45,,彞,56.817000,,41.537040,4.000000,20.969717,20.969717,0.000000,0.000000,0.001636,0.001636,1.000000,standard,10
