stimulation_uid,headstage_type,electrode_location,experiment_start_time,experiment_name,animal_id,block_name,sampling_frequency,stimulation_time,pulse_frequency_train,pulse_frequency_pulse,stimulation_duration,stimulation_amplitude_a,stimulation_amplitude_b,stimulation_pulse_width_train_a,stimulation_pulse_width_train_b,stimulation_pulse_width_pulse_a,stimulation_pulse_width_pulse_b,stimulation_train_TorF,stimulation_type,stimulation_channel_order
1591561549.530000,ZC16-OB1-16CH,R_HPC,1591561547.686000,gamma_max,EPI45,,彞,2.736000,,40.501220,1.000000,20.844147,20.844147,0.000000,0.000000,0.003623,0.003623,1.000000,standard,10
1591561558.542000,ZC16-OB1-16CH,R_HPC,1591561547.686000,gamma_max,EPI45,,彞,10.928000,,15.576044,1.000000,23.343873,23.343873,0.000000,0.000000,0.004029,0.004029,1.000000,standard,10
1591561562.471000,ZC16-OB1-16CH,R_HPC,1591561547.686000,gamma_max,EPI45,,彞,15.792000,,34.602534,1.000000,10.197408,10.197408,0.000000,0.000000,0.002726,0.002726,1.000000,standard,10
1591561567.373000,ZC16-OB1-16CH,R_HPC,1591561547.686000,gamma_max,EPI45,,彞,20.691000,,21.126768,1.000000,14.735833,14.735833,0.000000,0.000000,0.002787,0.002787,1.000000,standard,10
1591561572.497000,ZC16-OB1-16CH,R_HPC,1591561547.686000,gamma_max,EPI45,,彞,25.811000,,37.751216,1.000000,5.754777,5.754777,0.000000,0.000000,0.004653,0.004653,1.000000,standard,10
1591561577.744000,ZC16-OB1-16CH,R_HPC,1591561547.686000,gamma_max,EPI45,,彞,31.080000,,28.235014,1.000000,18.137198,18.137198,0.000000,0.000000,0.002168,0.002168,1.000000,standard,10
1591561585.912000,ZC16-OB1-16CH,R_HPC,1591561547.686000,gamma_max,EPI45,,彞,39.208000,,26.570496,1.000000,12.692382,12.692382,0.000000,0.000000,0.002007,0.002007,1.000000,standard,10
