stimulation_uid,headstage_type,electrode_location,experiment_start_time,experiment_name,animal_id,block_name,sampling_frequency,stimulation_time,pulse_frequency_train,pulse_frequency_pulse,stimulation_duration,stimulation_amplitude_a,stimulation_amplitude_b,stimulation_pulse_width_train_a,stimulation_pulse_width_train_b,stimulation_pulse_width_pulse_a,stimulation_pulse_width_pulse_b,stimulation_train_TorF,stimulation_type,stimulation_channel_order
1593935744.900000,ZC16-OB1-16CH,R_HPC,1593935742.890000,gamma_max,EPI45,,彞,2.237000,,25.234616,2.000000,10.569964,10.569964,0.000000,0.000000,0.004830,0.004830,1.000000,standard,10
1593935752.368000,ZC16-OB1-16CH,R_HPC,1593935742.890000,gamma_max,EPI45,,彞,9.792000,,33.036385,2.000000,18.574703,18.574703,0.000000,0.000000,0.003973,0.003973,1.000000,standard,10
1593935755.065000,ZC16-OB1-16CH,R_HPC,1593935742.890000,gamma_max,EPI45,,彞,13.457000,,28.913581,2.000000,13.911724,13.911724,0.000000,0.000000,0.003837,0.003837,1.000000,standard,10
1593935758.923000,ZC16-OB1-16CH,R_HPC,1593935742.890000,gamma_max,EPI45,,彞,17.259000,,24.639509,2.000000,6.079002,6.079002,0.000000,0.000000,0.004117,0.004117,1.000000,standard,10
1593935763.830000,ZC16-OB1-16CH,R_HPC,1593935742.890000,gamma_max,EPI45,,彞,21.071000,,26.449070,2.000000,22.385844,22.385844,0.000000,0.000000,0.003199,0.003199,1.000000,standard,10
1593935772.418000,ZC16-OB1-16CH,R_HPC,1593935742.890000,gamma_max,EPI45,,彞,30.713000,,39.957126,2.000000,23.054322,23.054322,0.000000,0.000000,0.002963,0.002963,1.000000,standard,10
1593935780.349000,ZC16-OB1-16CH,R_HPC,1593935742.890000,gamma_max,EPI45,,彞,38.734000,,21.530999,2.000000,13.717172,13.717172,0.000000,0.000000,0.002225,0.002225,1.000000,standard,10
