stimulation_uid,headstage_type,electrode_location,experiment_start_time,experiment_name,animal_id,block_name,sampling_frequency,stimulation_time,pulse_frequency_train,pulse_frequency_pulse,stimulation_duration,stimulation_amplitude_a,stimulation_amplitude_b,stimulation_pulse_width_train_a,stimulation_pulse_width_train_b,stimulation_pulse_width_pulse_a,stimulation_pulse_width_pulse_b,stimulation_train_TorF,stimulation_type,stimulation_channel_order
1591821993.694000,ZC16-OB1-16CH,R_HPC,1591821992.994000,gamma_max,EPI45,,彞,1.065000,,13.430189,3.000000,21.026952,21.026952,0.000000,0.000000,0.002992,0.002992,1.000000,standard,10
1591821999.493000,ZC16-OB1-16CH,R_HPC,1591821992.994000,gamma_max,EPI45,,彞,6.873000,,39.572989,3.000000,22.208811,22.208811,0.000000,0.000000,0.004938,0.004938,1.000000,standard,10
1591822004.748000,ZC16-OB1-16CH,R_HPC,1591821992.994000,gamma_max,EPI45,,彞,12.186000,,8.761768,3.000000,14.121153,14.121153,0.000000,0.000000,0.004982,0.004982,1.000000,standard,10
1591822013.727000,ZC16-OB1-16CH,R_HPC,1591821992.994000,gamma_max,EPI45,,彞,21.065000,,25.332984,3.000000,7.557768,7.557768,0.000000,0.000000,0.002941,0.002941,1.000000,standard,10
1591822021.694000,ZC16-OB1-16CH,R_HPC,1591821992.994000,gamma_max,EPI45,,彞,29.071000,,22.925774,3.000000,17.838812,17.838812,0.000000,0.000000,0.001607,0.001607,1.000000,standard,10
1591822028.619000,ZC16-OB1-16CH,R_HPC,1591821992.994000,gamma_max,EPI45,,彞,36.017000,,12.261210,3.000000,8.365026,8.365026,0.000000,0.000000,0.002270,0.002270,1.000000,standard,10
1591822036.524000,ZC16-OB1-16CH,R_HPC,1591821992.994000,gamma_max,EPI45,,彞,43.229000,,40.406629,3.000000,18.073803,18.073803,0.000000,0.000000,0.004743,0.004743,1.000000,standard,10
