stimulation_uid,headstage_type,electrode_location,experiment_start_time,experiment_name,animal_id,block_name,sampling_frequency,stimulation_time,pulse_frequency_train,pulse_frequency_pulse,stimulation_duration,stimulation_amplitude_a,stimulation_amplitude_b,stimulation_pulse_width_train_a,stimulation_pulse_width_train_b,stimulation_pulse_width_pulse_a,stimulation_pulse_width_pulse_b,stimulation_train_TorF,stimulation_type,stimulation_channel_order
1591821922.958000,ZC16-OB1-16CH,R_HPC,1591821922.260000,gamma_max,EPI45,,彞,1.039000,,28.031578,3.000000,16.003127,16.003127,0.000000,0.000000,0.003348,0.003348,1.000000,standard,10
1591821928.894000,ZC16-OB1-16CH,R_HPC,1591821922.260000,gamma_max,EPI45,,彞,6.992000,,6.130015,3.000000,8.956197,8.956197,0.000000,0.000000,0.003976,0.003976,1.000000,standard,10
1591821934.420000,ZC16-OB1-16CH,R_HPC,1591821922.260000,gamma_max,EPI45,,彞,12.562000,,20.456532,3.000000,23.854740,23.854740,0.000000,0.000000,0.004932,0.004932,1.000000,standard,10
1591821940.094000,ZC16-OB1-16CH,R_HPC,1591821922.260000,gamma_max,EPI45,,彞,18.231000,,20.667758,3.000000,20.576045,20.576045,0.000000,0.000000,0.001363,0.001363,1.000000,standard,10
1591821947.018000,ZC16-OB1-16CH,R_HPC,1591821922.260000,gamma_max,EPI45,,彞,25.002000,,29.494355,3.000000,12.004360,12.004360,0.000000,0.000000,0.002665,0.002665,1.000000,standard,10
1591821963.170000,ZC16-OB1-16CH,R_HPC,1591821922.260000,gamma_max,EPI45,,彞,41.174000,,33.563274,3.000000,17.557928,17.557928,0.000000,0.000000,0.004731,0.004731,1.000000,standard,10
1591821972.936000,ZC16-OB1-16CH,R_HPC,1591821922.260000,gamma_max,EPI45,,彞,51.084000,,11.188381,3.000000,20.377085,20.377085,0.000000,0.000000,0.004448,0.004448,1.000000,standard,10
